id;entreprise;siren;secteur;ville;departement;region;site_web;email;telephone;source_email;source_telephone;contact_nom;contact_fonction;linkedin;effectif;capital;actualite;site_existant;app_ios;app_android;besoin;faits;inference;opportunite;service;signal_achat;urgence;score;score_besoin;score_urgence;score_fit;score_capacite;score_accessibilite;score_preuves;niveau;sources;date_verification;objet_email;email_personnalise;accroche_tel;relance;pourquoi_demain;equipe
T04-002;Crêpe Touch (CT CO);837781566;Restauration crêperie fast casual en franchise;Paris;75;Île-de-France;https://www.crepetouch.com;developpement@crepetouch.com;01 40 25 47 10;https://www.crepetouch.com/mentions-legales/;https://www.crepetouch.com/mentions-legales/;Mickaël Lipari;Fondateur;https://fr.linkedin.com/company/crepe-touch;;205 000 €;"30e restaurant en juillet 2026 ; objectif 40 fin 2026 et 50 fin 2027 ; Bertrand Franchise au capital depuis mars 2025.";oui;inconnu;inconnu;Accompagner un rythme de 8 à 12 ouvertures par an avec des outils réseau et une expérience client (commande, fidélité) homogène.;"29 restaurants fin 2025 après 12 ouvertures dans l'année ; objectifs 40 fin 2026 et 50 fin 2027 [presse, 2026-07] https://www.franchise-magazine.com/news-franchise/reseau-restaurant-crepe-touch-juillet-2026 | Bertrand Franchise entre au capital de Crêpe Touch pour accélérer son développement [presse, 2025-03] https://lexpress-franchise.com/actualites/le-groupe-bertrand-entre-au-capital-de-crepe-touch-pour-accelerer-son-developpement/";"Passer de 30 à 50 restaurants en 18 mois impose de fiabiliser le pilotage multi-sites et la relation client digitale ; l'entrée d'un investisseur renforce la capacité d'investissement.";Application fidélité / commande à emporter commune aux restaurants et back-office de reporting franchisés.;App mobile fidélité + back-office réseau;30e restaurant (juillet 2026), objectif 50 fin 2027;haute — 10 ouvertures visées d'ici fin 2026;76;17;17;16;8;7;11;QUALIFIÉ;https://www.crepetouch.com/mentions-legales/ | https://www.franchise-magazine.com/news-franchise/reseau-restaurant-crepe-touch-juillet-2026 | https://lexpress-franchise.com/actualites/le-groupe-bertrand-entre-au-capital-de-crepe-touch-pour-accelerer-son-developpement/ | https://www.franchise-magazine.com/news-franchise/reseau-restaurant-crepe-touch-developpement-octobre-2025;2026-09-24;Crêpe Touch — de 30 à 50 restaurants;"Bonjour Monsieur Lipari,

J'ai vu que Crêpe Touch a ouvert son 30e restaurant cet été et vise 40 unités fin 2026, puis 50 fin 2027.

Avec une dizaine d'ouvertures par an, la fidélisation des clients d'un restaurant à l'autre et la remontée des indicateurs des franchisés deviennent des sujets à part entière.

Capmedia conçoit des applications de fidélité et de commande ainsi que des back-offices de pilotage pour réseaux multi-sites.

Qui suit ces sujets digitaux chez vous ? Un appel de 20 minutes suffirait pour voir si cela vous intéresse.

Nadir — Capmedia
Si ce n'est pas un sujet pour vous, répondez simplement ""stop"" et je ne vous recontacterai pas.";Bonjour, Nadir de Capmedia. Je vous appelle parce que j'ai vu que Crêpe Touch a ouvert son 30e restaurant et vise 50 fin 2027. Je voulais savoir qui s'occupe chez vous du digital réseau : fidélité, commande, reporting franchisés.;"Autre angle : vos restaurants sont souvent en centres commerciaux ; une commande en ligne avec retrait au comptoir peut absorber les pics du samedi — est-ce un sujet chez vous ?";Réseau en pleine accélération (10 ouvertures d'ici fin 2026) avec un actionnaire qui finance la croissance.;T04
T04-001;Beer's Corner;833972524;Bar à bières en franchise;Le Plessis-Belleville;60;Hauts-de-France;https://www.beers-corner.fr;franchise@beers-corner.fr;03 60 35 59 75;https://www.beers-corner.fr/fr/contact;https://www.beers-corner.fr/fr/contact;Damien Amico;Cofondateur;;;;"Élu Révélation de la Franchise 2026 (mars 2026) ; 5 bars ouverts, 11 en cours d'ouverture, objectif 30 établissements d'ici 2029.";oui;inconnu;inconnu;Structurer les outils d'un réseau qui passe de 5 à 16 bars en un an (intranet franchisés, reporting multi-bars, fidélité).;"Révélation de la Franchise 2026 ; 5 établissements ouverts, 11 en cours d'ouverture, CA moyen 500 000 € par point de vente [presse, 2026] https://lexpress-franchise.com/franchise/beers-corner/actualites/de-revelation-beers-corner-entame-son-acceleration-strategique/ | Objectif de 30 établissements d'ici 2029 ; ouvertures 2026 : Lamorlaye, Merlevenez, Laon (juin), Serris (septembre), Mâcon (octobre) [presse, 2026] https://www.franchise-magazine.com/news-franchise/beers-corner-30-etablissements-vises-dici-2029";Un réseau qui triple son parc en 12-18 mois voit vite les limites des outils artisanaux : partage des procédures, remontée des chiffres par bar, animations et fidélité clients à harmoniser.;Intranet/back-office franchisés avec reporting multi-bars, et programme de fidélité ou agenda d'animations commun sur le site par établissement.;Outil métier réseau (intranet franchisés + reporting);Révélation Franchise 2026 + 11 ouvertures en cours;haute — ouvertures échelonnées juin-octobre 2026;73;17;17;16;6;7;10;QUALIFIÉ;https://www.beers-corner.fr/fr/contact | https://lexpress-franchise.com/franchise/beers-corner/actualites/de-revelation-beers-corner-entame-son-acceleration-strategique/ | https://www.franchise-magazine.com/news-franchise/beers-corner-30-etablissements-vises-dici-2029 | https://www.societe.com/societe/beer-s-corner-833972524.html;2026-09-24;Beer's Corner — 11 ouvertures à outiller;"Bonjour Monsieur Amico,

J'ai lu que Beer's Corner, Révélation de la Franchise 2026, compte 5 bars ouverts et 11 en cours d'ouverture, avec 30 établissements visés d'ici 2029.

À ce rythme, le partage des procédures, la remontée des chiffres par bar et l'agenda des animations deviennent souvent difficiles à tenir avec des fichiers et des groupes de messagerie.

Chez Capmedia, nous concevons des outils de réseau sur mesure : intranet franchisés, tableau de bord multi-établissements, pages bar par bar sur le site.

Seriez-vous ouvert à un échange de 20 minutes pour voir ce qui vous serait utile avant les prochaines ouvertures ?

Nadir — Capmedia
Si ce n'est pas un sujet pour vous, répondez simplement ""stop"" et je ne vous recontacterai pas.";Bonjour, Nadir de Capmedia. Je vous appelle parce que j'ai vu que Beer's Corner a 11 bars en cours d'ouverture après son titre de Révélation de la Franchise 2026. Je voulais savoir qui s'occupe chez vous des outils de pilotage du réseau et du site.;Autre angle : pour vos soirées et animations, un agenda par bar et une carte de fidélité numérique commune peuvent faire revenir les clients dans chaque établissement — ça vous parle ?;Le réseau ouvre Serris et Mâcon cet automne et doit outiller 11 nouveaux franchisés maintenant.;T04
T07-001;NSI Groupe;798125209;Propreté / nettoyage professionnel multiservices;Marly;59;Hauts-de-France;https://www.nsi-groupe.com;contact@nsi-groupe.com;03 27 30 29 70;https://www.nsi-groupe.com/contact/;https://www.nsi-groupe.com/contact/;;;https://fr.linkedin.com/company/nsi-groupe;environ 5 000 salariés (après acquisitions, selon Le Journal des Entreprises);;"Trois acquisitions bouclées en 2026 (RM Propreté en Normandie, EPSO Multi-Services à Toulouse en avril, ASHUB Propreté), après GPNI Bordeaux en décembre 2025 ; objectif 100 M€ de CA en 2026 et 150 M€ en 2030 (plan Ambition 2030).";oui;inconnu;inconnu;Harmoniser le suivi des prestations terrain (contrôles qualité, bons d'intervention, planning) et la relation client entre les sociétés rachetées.;NSI Groupe boucle une troisième acquisition en 2026 avec ASHUB Propreté (6,5 M€ de CA, environ 500 clients professionnels, nettoyage de salles de sport). [presse, 2026] https://www.lejournaldesentreprises.com/breve/nsi-groupe-boucle-une-troisieme-acquisition-en-2026-avec-ashub-proprete-2146185 | NSI Groupe (80 M€ de CA en 2025) vise 100 M€ de CA en 2026 après deux nouvelles acquisitions, avec environ 5 000 salariés une fois les rachats finalisés. [presse, 2026] https://www.lejournaldesentreprises.com/article/nsi-groupe-vise-les-100-millions-deuros-de-chiffre-daffaires-en-2026-apres-deux-nouvelles-2134003 | Rachat d'EPSO Multi-Services en Haute-Garonne (avril 2026). [presse, 2026-04] https://www.lejournaldesentreprises.com/breve/la-societe-de-nettoyage-nordiste-nsi-groupe-rachete-son-homologue-epso-multi-services-en-haute-2142194 | Rachat du normand RM Propreté (100 salariés). [presse, 2026] https://www.lejournaldesentreprises.com/breve/le-nordiste-nsi-groupe-boucle-lacquisition-du-normand-rm-proprete-2134836;Un groupe qui intègre quatre sociétés en moins d'un an (Normandie, Toulouse, Bordeaux, clientèle de salles de sport) doit faire converger des pratiques terrain hétérogènes : planning des équipes, preuves de passage, contrôles qualité photo, remontées aux clients. C'est typiquement le moment où des outils disparates ou papier deviennent un frein.;"Application mobile terrain commune (pointage de passage, check-lists qualité avec photos, signatures, incidents) reliée à un espace client multi-sites et à un tableau de bord par agence ; audit préalable des outils hérités des sociétés rachetées.";Application métier terrain + espace client / dashboard;Build-up : 3 acquisitions en 2026, objectif 100 M€;moyenne — acquisitions 2026 en cours d'intégration, mais pas d'appel d'offres ni de projet digital annoncé publiquement;73;16;16;16;9;6;10;QUALIFIÉ;https://www.lejournaldesentreprises.com/breve/nsi-groupe-boucle-une-troisieme-acquisition-en-2026-avec-ashub-proprete-2146185 | https://www.lejournaldesentreprises.com/article/nsi-groupe-vise-les-100-millions-deuros-de-chiffre-daffaires-en-2026-apres-deux-nouvelles-2134003 | https://www.lejournaldesentreprises.com/breve/la-societe-de-nettoyage-nordiste-nsi-groupe-rachete-son-homologue-epso-multi-services-en-haute-2142194 | https://www.lejournaldesentreprises.com/breve/le-nordiste-nsi-groupe-boucle-lacquisition-du-normand-rm-proprete-2134836 | https://www.nsi-groupe.com/contact/ | https://annuaire-entreprises.data.gouv.fr/entreprise/nsi-2-nsi-groupe-418919684;2026-09-24;NSI Groupe — intégration d'ASHUB, EPSO et RM Propreté;"Bonjour,

J'ai lu dans Le Journal des Entreprises que NSI Groupe a bouclé trois acquisitions en 2026 (RM Propreté, EPSO Multi-Services, ASHUB Propreté) avec un objectif de 100 M€ de chiffre d'affaires.

Quand plusieurs sociétés se rejoignent, les équipes terrain gardent souvent chacune leurs outils : plannings, preuves de passage, contrôles qualité, remontées aux clients.

Capmedia conçoit des applications mobiles terrain (check-lists, photos, signatures) reliées à un espace client et à un tableau de bord par agence, et peut commencer par un court état des lieux des outils existants.

Qui pilote ce sujet d'harmonisation chez vous ?

Nadir — Capmedia
Si ce n'est pas un sujet pour vous, répondez simplement ""stop"" et je ne vous recontacterai pas.";Bonjour, Nadir de Capmedia. Je vous appelle parce que j'ai vu que NSI Groupe a réalisé trois rachats cette année, dont ASHUB Propreté et EPSO à Toulouse. Nous aidons les entreprises de services à harmoniser le suivi terrain entre agences avec une application mobile et un espace client. Je voulais savoir qui s'occupe de ce sujet chez vous.;"Autre angle : avec environ 500 clients professionnels arrivés via ASHUB, un espace client où chaque site consulte ses passages et contrôles qualité peut réduire les échanges par mail ; souhaitez-vous un exemple concret ?";Quatre rachats en moins d'un an imposent d'unifier maintenant les outils terrain et la relation client entre les agences.;T07
U01-002;Quadra Terra (APHAÏA SAS);918005539;Tête de réseau franchise – création et entretien de jardins écoresponsables et potagers;La Teste-de-Buch;33;Nouvelle-Aquitaine;https://franchise.quadra-terra.com;contact@quadra-terra.com;05 40 27 81 08;https://franchise.quadra-terra.com/mentions-legales/;https://franchise.quadra-terra.com/mentions-legales/;Christelle Cesa;Contact développement franchise (christelle.cesa@quadra-terra.com);;;145 500 €;"Avril 2026 : 25 contrats signés et 13 agences ouvertes ou en cours ; objectif 35 contrats fin 2026 et 100 fin 2027 (interview du cofondateur Kevin Bernard, Franchise Magazine).";oui;inconnu;inconnu;Passage visé de 25 à 100 franchisés d'ici fin 2027 : besoin probable d'outils réseau (extranet franchisés, planification des entretiens récurrents, espace client suivi du jardin).;"Fin mars 2026 : 25 contrats de franchise signés, 13 agences ouvertes ou en cours ; objectif 35 contrats fin 2026 et 100 fin 2027 [presse, 2026-04] https://www.franchise-magazine.com/news-franchise/reseau-paysagistes-quadra-terra-avril-2026 | Ouvertures annoncées : Balma, Castanet-Tolosan, Rouffiac-Tolosan, Martignas-sur-Jalles, Saussan, Montpellier [presse, 2026] https://lexpress-franchise.com/franchise/quadra-terra/actualites/ | L'enseigne gère plusieurs sites distincts : quadra-terra.com, franchise.quadra-terra.com et shop.quadra-terra.com [site officiel, 2026-09-24] https://shop.quadra-terra.com/mentions-legales";"Un réseau qui veut quadrupler en 18 mois sur une activité d'entretien récurrent doit industrialiser la planification, le suivi client et l'animation des franchisés ; c'est typiquement le moment où l'on commande un outil métier ou une app.";Extranet franchisés + outil métier de planification/suivi des jardins (web et mobile), éventuellement espace client connecté aux sites existants.;Outil métier / application réseau pour franchisés;Plan de croissance daté : 35 contrats fin 2026, 100 fin 2027;moyenne — plan annoncé en avril 2026, montée en charge fin 2026-2027;73;16;16;17;6;8;10;QUALIFIÉ;https://www.franchise-magazine.com/news-franchise/reseau-paysagistes-quadra-terra-avril-2026 | https://franchise.quadra-terra.com/mentions-legales/ | https://lexpress-franchise.com/franchise/quadra-terra/actualites/ | https://lexpress-franchise.com/franchise/quadra-terra/actualites/prochaine-ouverture-pour-quadra-terra/ | https://www.observatoiredelafranchise.fr/creation-entreprise/franchise-quadra-terra-5781.htm;2026-09-24;Quadra Terra — objectif 100 franchisés en 2027;"Bonjour,

Dans l'interview de Kevin Bernard publiée en avril par Franchise Magazine, j'ai lu que Quadra Terra vise 35 contrats fin 2026 et 100 fin 2027, contre 25 fin mars.

Sur une activité d'entretien récurrent, cette montée en charge pèse souvent sur la planification des passages, le suivi des jardins clients et l'animation des franchisés.

Capmedia conçoit des outils métiers web et mobiles et des extranets pour réseaux en croissance.

Comment vos franchisés organisent-ils aujourd'hui leurs plannings et leur suivi client ?

Nadir — Capmedia
Si ce n'est pas un sujet pour vous, répondez simplement ""stop"" et je ne vous recontacterai pas.";Bonjour, Nadir de Capmedia. Je vous appelle parce que j'ai vu votre objectif de 100 contrats de franchise fin 2027 dans Franchise Magazine. Vous étiez à 25 fin mars. Je voulais savoir qui s'occupe des outils numériques du réseau chez vous.;Autre angle : lorsqu'un nouveau franchisé ouvre, quels outils lui remettez-vous pour gérer ses clients et ses interventions ? C'est souvent là que l'on gagne le plus de temps au démarrage.;Plan chiffré et daté (x4 d'ici fin 2027) sur une activité récurrente qui dépend fortement de la planification : outil métier très pertinent.;U01
U07-001;WeMa (WEMA International Groupe);500253802;Expertise comptable, audit, conseil;Strasbourg;67;Grand Est;https://www.wema.fr;sarreguemines@wema.fr;03 88 30 12 21;https://www.sarreguemines.fr/commerces/56-services/294-wema;https://www.pagesjaunes.fr/pros/63023833;Arnaud Bodier;Dirigeant (président du groupe);;430 salariés, 21 bureaux;;2026 : LBO minoritaire avec Kresk Développement (20 %, 15-20 M€ + 105 M€ de dette Apera) pour financer croissance externe et transformation digitale (IA, facturation électronique). CA 2025 ~50 M€.;oui;inconnu;inconnu;Transformation digitale annoncée (IA, facturation électronique) et intégration de cabinets rachetés : outils clients et internes à harmoniser.;"WeMa ouvre son capital à Kresk Développement via un LBO minoritaire pour financer sa croissance externe et sa transformation digitale [presse, 2026] https://www.lejournaldesentreprises.com/article/le-cabinet-comptable-strasbourgeois-wema-ouvre-son-capital-pour-accelerer-sa-croissance-2145926 | La transformation digitale par l'IA et la facturation électronique est présentée comme priorité stratégique ; 430 salariés, 21 bureaux, ~50 M€ de CA 2025 [presse, 2026] https://www.laprofessioncomptable.com/article/vie-des-cabinets/wema-franchit-un-nouveau-cap-dans-sa-strategie-de-consolidation-avec-lentree-au-capital-de-kresk-developpement | Opération également relayée par CFNEWS (LBO primaire) et Finyear [presse, 2026] https://www.cfnews.net/Les-alertes-de-CFNEWS/Wema-signe-un-LBO-primaire-709426";"Un groupe comptable qui consolide des cabinets et investit dans le digital doit unifier espace client, collecte de pièces, portails et outils internes des cabinets rachetés ; une partie de ces chantiers est souvent externalisée.";Proposer un audit rapide de l'espace client / des parcours de collecte de documents et un chantier d'outil métier (portail client unifié, tableaux de bord, intégration facturation électronique) pour les cabinets intégrés.;Espace client / outil métier et dashboards;LBO 2026 fléché sur croissance externe + transformation digitale;moyenne à haute — financement fraîchement levé en 2026 et réforme facturation électronique en cours;72;17;16;14;9;5;11;QUALIFIÉ;https://www.lejournaldesentreprises.com/article/le-cabinet-comptable-strasbourgeois-wema-ouvre-son-capital-pour-accelerer-sa-croissance-2145926 | https://www.lejournaldesentreprises.com/breve/le-cabinet-strasbourgeois-dexpertise-comptable-wema-ouvre-son-capital-kresk-developpement-2143456 | https://www.laprofessioncomptable.com/article/vie-des-cabinets/wema-franchit-un-nouveau-cap-dans-sa-strategie-de-consolidation-avec-lentree-au-capital-de-kresk-developpement | https://www.cfnews.net/Les-alertes-de-CFNEWS/Wema-signe-un-LBO-primaire-709426 | https://www.pagesjaunes.fr/pros/63023833 | https://www.sarreguemines.fr/commerces/56-services/294-wema;2026-09-24;WeMa — outils clients après l'entrée de Kresk au capital;"Bonjour,

J'ai lu que WeMa a fait entrer Kresk Développement à son capital pour financer sa croissance externe et sa transformation digitale, avec l'IA et la facturation électronique en priorité.

Quand plusieurs cabinets rejoignent un groupe, les espaces clients, la collecte de pièces et les tableaux de bord internes restent souvent hétérogènes pendant un moment.

Capmedia conçoit des espaces clients, outils métiers et dashboards sur mesure, et peut démarrer par un audit court de l'existant.

Qui pilote ces sujets chez WeMa : pourriez-vous me mettre en relation ?

Nadir — Capmedia
Si ce n'est pas un sujet pour vous, répondez simplement ""stop"" et je ne vous recontacterai pas.";Bonjour, Nadir de Capmedia. Je vous appelle parce que j'ai vu l'entrée de Kresk Développement au capital de WeMa, fléchée sur la croissance externe et la transformation digitale. Nous construisons des espaces clients et outils métiers pour des groupes en consolidation. Je voulais savoir qui s'occupe de ce sujet chez vous.;Avec la facturation électronique qui arrive, avez-vous prévu de faire évoluer le portail client commun aux 21 bureaux ? Je peux vous partager une méthode d'audit en 10 jours.;WeMa vient de lever des fonds explicitement pour sa transformation digitale et intègre des cabinets : c'est le moment où les chantiers outils se décident.;U07
T01-001;Société Française de Garantie (SFG);391952264;Assurance / garanties et réparation d'appareils (filiale WERTGARANTIE);Rousset;13;Provence-Alpes-Côte d'Azur;https://www.sfg.fr;sfg@sfg.fr;04 88 78 59 00;https://www.sfg.fr/contact/;https://www.allbiz.fr/soci%C3%A9t%C3%A9-fran%C3%A7aise-de-garantie-04-88-78-59-00;;Direction des systèmes d'information;https://fr.linkedin.com/company/soci-t-fran-aise-de-garantie;environ 200 salariés;;Plusieurs offres successives de développeur web junior (CDI) et une offre d'alternance développeur web Bac+3/+4 publiées sur Hellowork en 2026;oui;inconnu;inconnu;Renfort de capacité de développement web (applications métiers internes et nouvelles applications web);Offre CDI Développeur Web Junior à Rousset : développement de nouvelles applications web et maintenance des applications existantes, rattaché à la DSI [offre d'emploi, 2026-08] https://www.hellowork.com/fr-fr/emplois/81076296.html | Offre répétée : au moins trois annonces 'Développeur Web Junior en CDI' distinctes (80909328, 81076296, 81743803) — poste difficile à pourvoir [offre d'emploi, 2026] https://www.hellowork.com/fr-fr/emplois/81743803.html | Offre 'Développeur Web Junior - Alternance Bac+3 Bac+4' à Rousset [offre d'emploi, 2026] https://www.hellowork.com/fr-fr/emplois/82422956.html;La republication de l'offre CDI et l'ouverture en parallèle d'une alternance suggèrent un besoin de capacité non couvert sur des applications web métiers, avec un profil junior à encadrer.;Proposer un renfort Capmedia au forfait sur les développements web en attente (nouvelles applications, maintenance), et un accompagnement technique de l'alternant (revues de code, cadrage).;Développement d'applications web métiers / renfort et reprise d'existant;Recrutement répété développeur web junior + alternant;moyenne — offres republiées en 2026, poste manifestement non pourvu;72;20;14;13;9;5;11;QUALIFIÉ;https://www.hellowork.com/fr-fr/emplois/81076296.html | https://www.hellowork.com/fr-fr/emplois/81743803.html | https://www.hellowork.com/fr-fr/emplois/82422956.html | https://www.sfg.fr/contact/;2026-09-24;Votre recrutement développeur web junior à Rousset;"Bonjour,

J'ai vu que SFG a publié plusieurs fois cette année une offre de développeur web junior en CDI, ainsi qu'une alternance, pour développer de nouvelles applications web et maintenir l'existant.

Quand un poste reste ouvert plusieurs mois, les évolutions prévues attendent souvent. Capmedia peut prendre en charge une partie de ces développements au forfait pendant votre recrutement, puis accompagner le junior ou l'alternant à son arrivée (cadrage, revues de code).

Nous développons des applications web métiers et des espaces clients pour des PME et ETI.

Seriez-vous d'accord pour un échange de 15 minutes avec la personne qui pilote ces projets ?

Nadir — Capmedia
Si ce n'est pas un sujet pour vous, répondez simplement ""stop"" et je ne vous recontacterai pas.";Bonjour, Nadir de Capmedia. Je vous appelle parce que j'ai vu que SFG recrute un développeur web junior et un alternant à Rousset. L'offre a été publiée plusieurs fois cette année. Je voulais savoir qui s'occupe de ce sujet chez vous, à la DSI.;Si le recrutement avance, nous pouvons aussi intervenir ponctuellement sur un projet précis (une application ou un module) sans engagement dans la durée.;SFG republie depuis des mois la même offre de développeur web junior : le besoin de capacité est réel et toujours ouvert.;T01
U05-001;Monky (groupe de complexes de loisirs indoor);;Loisirs indoor multi-activités (bowling, laser game, karting, jump park, bar-restaurant);Estillac (Agen);47;Nouvelle-Aquitaine;https://monky.fr/;contact@monky.fr;05 33 08 09 10;https://monky.fr/estillac/contact;https://monky.fr/estillac/contact;Jérôme et Anthony Delbos;Cofondateurs;;;;"Ouverture à Niort (79) prévue en novembre 2026, après Agen (2021), Laval (2024), Mont-de-Marsan et Châteauroux ; Carcassonne et près de Bordeaux annoncés pour 2026.";oui;inconnu;inconnu;Outils de réservation, de fidélité et de gestion communs à un réseau de parcs en forte croissance;"Monky ouvrira à Niort (Deux-Sèvres) en novembre 2026 ; travaux lancés au premier trimestre 2026 ; parcs actifs à Agen, Laval, Mont-de-Marsan et Châteauroux [presse, 2026] https://www.lejournaldesentreprises.com/article/dagen-niort-le-grand-bond-des-complexes-de-loisirs-indoor-monky-2140247 | Annonce officielle d'un parc Monky à Niort en 2026 [presse, 2026] https://niortinfo.media/parc-loisirs-indoor-monky-niort-2026/ | Implantations annoncées : Agen, Laval (2024), Mont-de-Marsan (2025), Châteauroux (2025), Carcassonne (2026), près de Bordeaux (2026) ; parcs de 3 000 à 11 000 m² [site officiel, 2026-09-24] https://monky.fr/ | Le parc d'Agen apparaît sous deux arborescences du site (monky.fr/agen/... et monky.fr/estillac/...) [site officiel, 2026-09-24] https://monky.fr/estillac/contact";Un réseau qui ouvre environ deux parcs par an doit faire tenir sur plusieurs sites la réservation (anniversaires, groupes, séminaires), la billetterie et la fidélité. Ces outils sont souvent à reprendre au moment d'une nouvelle ouverture.;"Audit du parcours de réservation multi-parcs, puis refonte ou module de réservation unifié ; app mobile de fidélité et de réservation commune au réseau.";Application web/mobile de réservation et fidélité multi-sites;Ouverture d'un nouveau parc à Niort en novembre 2026 (expansion réseau);haute : ouverture à Niort dans environ 2 mois, et d'autres sites annoncés en 2026;71;15;16;15;8;6;11;QUALIFIÉ;https://www.lejournaldesentreprises.com/article/dagen-niort-le-grand-bond-des-complexes-de-loisirs-indoor-monky-2140247 | https://niortinfo.media/parc-loisirs-indoor-monky-niort-2026/ | https://monky.fr/ | https://monky.fr/estillac/contact | https://www.findglocal.com/FR/Estillac/354374077919978/Monky-Agen;2026-09-24;Monky Niort — réservation et fidélité sur tous vos parcs;"Bonjour,

J'ai lu dans Le Journal des Entreprises que Monky ouvre à Niort en novembre 2026, après Agen, Laval, Mont-de-Marsan et Châteauroux, avec Carcassonne et Bordeaux annoncés.

Quand un réseau passe de un à six ou sept parcs en quelques années, la réservation en ligne, les anniversaires, les offres entreprises et la fidélité client doivent souvent tourner sur plusieurs sites à la fois, avec les mêmes outils.

Capmedia conçoit des sites web, des applications mobiles et des outils métiers pour des entreprises multi-sites : par exemple un parcours de réservation commun à tous les parcs, ou une app de fidélité.

Qui s'occupe de ces sujets chez vous ? Est-ce qu'un échange de 15 minutes aurait du sens avant l'ouverture de Niort ?

Nadir — Capmedia
Si ce n'est pas un sujet pour vous, répondez simplement ""stop"" et je ne vous recontacterai pas.";Bonjour, Nadir de Capmedia. Je vous appelle parce que j'ai vu que Monky ouvre à Niort en novembre, après Agen, Laval, Mont-de-Marsan et Châteauroux. Avec autant de parcs, la réservation et la fidélité client doivent fonctionner partout de la même façon. Je voulais savoir qui s'occupe des outils digitaux chez vous.;Autre angle : une app Monky commune à tous les parcs, avec des points de fidélité utilisables d'une ville à l'autre, pourrait faire venir aux ouvertures les clients des parcs existants. Voulez-vous que je vous envoie un exemple ?;Monky ouvre Niort dans environ deux mois et annonce d'autres parcs : c'est le moment où les outils de réservation du réseau sont revus.;U05
U08-001;Maison Stella & Suzie (Marmax Company);833453442;Mode / prêt-à-porter féminin (marque DNVB);Toulouse;31;Occitanie;https://stellaetsuzie.com;contact@stellaetsuzie.com;09 83 49 12 75;https://stellaetsuzie.com/en-us/pages/mentions-et-cgv;https://stellaetsuzie.com/en-us/pages/mentions-et-cgv;Margaux Minguez Lahana;Fondatrice;;;;"Premier flagship parisien (120 m², 24 rue du Temple, Marais) ouvert au printemps 2026 ; CA 15 M€ en 2024";oui;oui;oui;Unifier web, application (Tapcart, solution no-code) et boutiques physiques après l'ouverture du flagship parisien;"Stella & Suzie a ouvert sa première boutique parisienne au 24 rue du Temple (Marais), 120 m², au printemps 2026 [presse, 2026] https://www.journaldutextile.com/stella-suzie-paris-flagship-le-marais | Presse spécialisée : la marque peaufine l'ouverture de sa première boutique parisienne ; créée en 2019, 15 M€ de CA en 2024 [presse, 2026] https://fr.fashionnetwork.com/news/Stella-suzie-peaufine-l-ouverture-de-sa-premiere-boutique-parisienne,1698464.html | L'application Android de la marque porte l'identifiant co.tapcart.app, c'est-à-dire qu'elle est générée par la plateforme Tapcart (application Shopify en marque blanche) [store, 2026-09-24] https://play.google.com/store/apps/details?id=co.tapcart.app.id_Ony8bSlGLr&hl=en_US | Application iOS publiée sur l'App Store [store, 2026-09-24] https://apps.apple.com/fr/app/maison-stella-suzie/id6472225610 | Établissement secondaire parisien immatriculé (SIRET 833 453 442 00109, 75004) [annuaire, 2026-09-24] https://annuaire-entreprises.data.gouv.fr/etablissement/83345344200109 | FashionNetwork : la marque vise ensuite des implantations à Nice, Cannes, Marseille, Nantes, Strasbourg et Annecy [presse, 2026] https://fr.fashionnetwork.com/news/Stella-suzie-peaufine-l-ouverture-de-sa-premiere-boutique-parisienne,1698464.html";Une marque digitale à 15 M€ qui passe au retail physique (Toulouse + Paris) avec une app template Tapcart va rencontrer des limites : stock boutique/web, fidélité commune, click & collect, outils vendeuses. Aucune équipe tech interne n'est visible (app no-code).;Audit du parcours omnicanal puis développement de briques sur mesure autour de Shopify : app mobile native (remplacement ou complément de Tapcart), programme de fidélité web+boutique, réservation en boutique, outil vendeuses.;Application mobile / outils métiers omnicanal (audit + développement);Ouverture d'un flagship parisien en 2026 (expansion retail);moyenne — flagship ouvert au printemps 2026 et d'autres ouvertures en projet (Nice, Cannes, Marseille, Nantes…);71;15;14;15;9;7;11;QUALIFIÉ;https://www.journaldutextile.com/stella-suzie-paris-flagship-le-marais | https://fr.fashionnetwork.com/news/Stella-suzie-peaufine-l-ouverture-de-sa-premiere-boutique-parisienne,1698464.html | https://stellaetsuzie.com/en-us/pages/mentions-et-cgv | https://play.google.com/store/apps/details?id=co.tapcart.app.id_Ony8bSlGLr&hl=en_US | https://apps.apple.com/fr/app/maison-stella-suzie/id6472225610 | https://annuaire-entreprises.data.gouv.fr/etablissement/83345344200059;2026-09-24;Stella & Suzie — web, app et boutique du Marais;"Bonjour Madame Minguez Lahana,

Avec le flagship du 24 rue du Temple ouvert ce printemps, Stella & Suzie vend désormais par trois canaux : le site Shopify, l'application (construite sur Tapcart) et deux boutiques physiques, Toulouse et Paris.

À ce stade, les marques qui ouvrent des boutiques se heurtent souvent au même point : le stock, le compte client et la fidélité ne sont pas visibles de la même façon partout.

Capmedia conçoit des applications mobiles et des outils métiers sur mesure, en prolongement de Shopify : réservation en boutique, fidélité commune au web et à la boutique, outils pour les vendeuses.

Qui s'occupe de ces sujets digitaux chez vous ? Je peux vous envoyer deux ou trois exemples concrets.

Nadir — Capmedia
Si ce n'est pas un sujet pour vous, répondez simplement ""stop"" et je ne vous recontacterai pas.";Bonjour, Nadir de Capmedia. Je vous appelle parce que j'ai vu l'ouverture de votre boutique rue du Temple ce printemps. Votre application tourne sur Tapcart et vous avez maintenant deux boutiques physiques. Je voulais savoir qui s'occupe des sujets web et application chez vous.;Autre piste : un petit outil pour les vendeuses de Toulouse et du Marais, qui leur montre le stock en ligne et l'historique de la cliente. Voulez-vous que je vous montre à quoi cela peut ressembler ?;Une marque à 15 M€ qui vient d'ouvrir sa deuxième boutique avec une app template est exactement au moment où l'omnicanal sur mesure devient rentable.;U08
T05-001;Keepcool (DG Développement);;Réseau de salles de sport (franchise);Ventabren;13;Provence-Alpes-Côte d'Azur;https://www.keepcool.fr;contact@keepcool.fr;09 72 60 45 00;https://www.keepcool.fr/mentions-legales;https://www.keepcool.fr/mentions-legales;;;;;;"Groupe partagé avec Neoness (site commun neoness-keepcool-pro.com) ; les deux enseignes ont des apps membres de même structure (fr.keepcool.memberapp / fr.neoness.memberapp).";oui;oui;oui;"Application adhérents signalée inaccessible (« Error null », « service indisponible ») ; l'app sœur Neoness est notée 1,9/5.";"Des utilisateurs signalent « Error null impossible de se connecter à l'application », « Service indisponible » à l'ouverture et « Impossible d'aller sur l'appli depuis 1 mois sur mes 2 téléphones ». [site de signalement de pannes, 2026-09-24] https://www.totalbug.com/keepcool/ | La fiche App Store Keepcool n'affiche pas assez de notes pour un aperçu ; les notes de version mentionnent la correction de « déconnexions automatiques dans certains cas ». [avis store, 2026-09-24] https://apps.apple.com/us/app/keepcool/id1582437445?l=fr-FR | L'application de l'enseigne sœur Neoness (même groupe) a une note moyenne de 1,9/5 : erreurs « internal server error » / « utilisateur introuvable », quota de réservation atteint sans réservation, cours réservés supprimés sans notification, « l'ancienne application était mieux ». [avis store (agrégateur), 2026-09-24] https://justuseapp.com/fr/app/6449222631/neoness/reviews | Keepcool et Neoness partagent un site entreprises commun (neoness-keepcool-pro.com). [site officiel, 2026-09-24] https://www.neoness-keepcool-pro.com/mentions-legales";"La plateforme d'apps adhérents du groupe (Keepcool/Neoness) semble instable côté connexion/back-end ; la réservation de cours et l'accès club sont au cœur de l'expérience adhérent, donc chaque panne génère du support et de l'insatisfaction en club.";Audit technique + QA mobile de l'app adhérents (connexion, réservation, stabilité API), puis plan de stabilisation ou refonte React Native mutualisée pour les deux enseignes.;Audit technique et QA mobile / reprise d'application;App adhérents avec erreurs de connexion signalées + app sœur à 1,9/5;"moyenne — plaintes récurrentes mais non datées précisément ; app Neoness récemment refondue et critiquée";71;18;12;16;9;6;10;QUALIFIÉ;https://www.totalbug.com/keepcool/ | https://apps.apple.com/us/app/keepcool/id1582437445?l=fr-FR | https://play.google.com/store/apps/details?id=fr.keepcool.memberapp&hl=en_US | https://justuseapp.com/fr/app/6449222631/neoness/reviews | https://apps.apple.com/fr/app/neoness/id6449222631 | https://www.keepcool.fr/mentions-legales;2026-09-24;À propos de l'app adhérents Keepcool;"Bonjour,

En regardant les retours publics sur l'application Keepcool, j'ai relevé plusieurs signalements d'adhérents bloqués à la connexion (« Error null », « service indisponible », parfois pendant plusieurs semaines). L'app Neoness, qui semble reposer sur la même base, affiche 1,9/5 avec des cours réservés qui disparaissent.

Quand la réservation passe par l'app, ces blocages remontent souvent directement à l'accueil des clubs.

Capmedia réalise des audits techniques et des campagnes de QA sur des apps mobiles existantes, puis accompagne la stabilisation ou la refonte (React Native).

Qui suit l'application côté siège ? Un échange de 20 minutes serait-il utile ?

Nadir — Capmedia
Si ce n'est pas un sujet pour vous, répondez simplement ""stop"" et je ne vous recontacterai pas.";Bonjour, Nadir de Capmedia. Je vous appelle parce que j'ai vu plusieurs signalements d'adhérents Keepcool qui ne peuvent plus se connecter à l'application, et l'app Neoness du même groupe est à 1,9 sur 5. Je voulais savoir qui s'occupe de l'application chez vous.;Je peux vous envoyer une courte synthèse des irritants relevés dans les avis Keepcool et Neoness (connexion, réservation, notifications), sans engagement : cela vous serait-il utile ?;Leurs adhérents signalent publiquement ne plus pouvoir se connecter à l'app et l'app sœur Neoness est à 1,9/5 : un audit/QA est un point d'entrée concret.;T05
U04-001;France Taxi (application Allexi);524119948;Réservation de taxis / plateforme de mobilité;Paris;75;Île-de-France;https://allexi.fr/;contact@france-taxi.com;04 48 25 02 50;https://paris-taxis.fr/contacter-france-taxi/;https://allexi.fr/cgu/;Daniel Prom;Dirigeant (représentant légal de France Taxi SAS);;;1 500 €;;oui;oui;oui;Application Allexi notée 1,6/5 sur l'App Store avec des avis sur des réservations introuvables;L'app iOS Allexi (éditeur France Taxi) affiche une note de 1,6/5 sur 17 avis [avis store, 2026-09-24] https://apps.apple.com/fr/app/allexi/id1450288252 | Un avis rapporte qu'après une réservation, le service client n'a retrouvé ni la réservation ni le profil au bout de 10 minutes d'attente [avis store, 2026-09-24] https://apps.apple.com/fr/app/allexi/id1450288252 | France Taxi SAS, capital 1 500 €, 13 avenue d'Italie 75013 Paris, RCS 524119948, tél. 0 448 250 250, représentée par Daniel Prom [site officiel, 2026-09-24] https://allexi.fr/cgu/ | France Taxi publie aussi les apps France Taxi et Radio Taxis Saint Etienne [avis store, 2026-09-24] https://apps.apple.com/fr/developer/france-taxi/id393321446;"Une app de réservation grand public notée 1,6/5 perd des clients au profit des applis VTC ; le dysfonctionnement semble toucher la synchronisation réservation/profil (back-office), pas seulement l'interface.";Audit technique et QA de l'app Allexi et de son back-office de réservation, puis plan de correction ou de reprise (React Native) mutualisable avec les apps France Taxi et Radio Taxis Saint Etienne.;Audit / reprise et maintenance d'application mobile;App propriétaire notée 1,6/5;moyenne : note très basse, mais avis non datés dans le résumé;71;20;10;18;5;8;10;QUALIFIÉ;https://apps.apple.com/fr/app/allexi/id1450288252 | https://allexi.fr/cgu/ | https://paris-taxis.fr/contacter-france-taxi/ | https://apps.apple.com/fr/developer/france-taxi/id393321446;2026-09-24;À propos de l'app Allexi;"Bonjour Monsieur Prom,

En regardant l'app Allexi sur l'App Store, j'ai vu qu'elle est notée 1,6/5. Un avis récent raconte qu'une réservation ne se retrouvait plus côté service client, pas plus que le profil du client.

Ce type de problème vient souvent de la synchronisation entre l'app et l'outil de réservation. Une note aussi basse peut aussi freiner les téléchargements face aux applis VTC.

Chez Capmedia, nous auditons et reprenons des apps iOS/Android existantes : diagnostic, corrections prioritaires, puis maintenance.

Seriez-vous d'accord pour un échange de 15 minutes afin que je vous présente ce que nous avons relevé ?

Nadir — Capmedia
Si ce n'est pas un sujet pour vous, répondez simplement ""stop"" et je ne vous recontacterai pas.";Bonjour, Nadir de Capmedia. Je vous appelle parce que j'ai vu que l'app Allexi est notée 1,6/5 sur l'App Store, avec des avis sur des réservations introuvables. Je voulais savoir qui s'occupe de l'application chez vous.;Je me permets de revenir vers vous : les mêmes corrections pourraient profiter aussi à vos apps France Taxi et Radio Taxis Saint Etienne. Un audit rapide de l'ensemble vous intéresserait-il ?;Leur app grand public est notée 1,6/5 et le dirigeant est directement joignable.;U04
U03-001;Métal Performances;;Chaudronnerie, tuyauterie et métallerie industrielle (inox);Beignon;56;Bretagne;https://metalperformances.com/;commercial@metalperformances.com;02 97 75 73 93;https://metalperformances.com/en/;https://www.pagesjaunes.fr/pros/06750305;Jimmy Fauchoux;Dirigeant;https://fr.linkedin.com/company/m%C3%A9tal-performances;plus de 40 salariés;;"Investit 3 M€ en 2026 (extension de 1 500 m² et nouveaux outils de production) pour entrer dans l'aéronautique et la défense ; travaille sur l'IA et la donnée ; a fêté ses 20 ans en mai 2026.";oui;inconnu;inconnu;Digitaliser et tracer ses processus pour répondre aux exigences aéronautique et défense;"Métal Performances investit 3 M€ pour agrandir son site et ses outils de production, vise l'aéronautique et engage une réflexion sur l'automatisation et la digitalisation de ses processus (recrutement d'un apprenti en informatique industrielle) [presse, 2026-09-24] https://www.lejournaldesentreprises.com/article/metal-performances-investit-3-millions-deuros-pour-muscler-son-outil-industriel-2143484 | L'entreprise familiale dirigée par Jimmy Fauchoux travaille sur l'intelligence artificielle et la donnée pour répondre aux exigences des marchés aéronautique et défense ; 2 M€ pour une extension de 1 500 m² et 1 M€ pour de nouveaux outils [presse, 2026-09-24] https://www.bretagne-economique.com/actualites/metal-performances-investit-3me-dans-son-outil-industriel/ | Métal Performances fête ses 20 ans et se tourne vers le spatial et l'aéronautique [presse, 2026-05-04] https://www.lesinfosdupaysgallo.com/2026/05/04/beignon-metal-performances-fete-ses-20-ans-la-tete-dans-les-etoiles/ | L'email commercial@metalperformances.com et le téléphone 0297757393 apparaissent dans un résumé de recherche qui décrit le site officiel (non ouvert directement) [site officiel, 2026-09-24] https://metalperformances.com/en/";Pour être qualifiée par des donneurs d'ordre de l'aéronautique et de la défense, une PME de 40 personnes doit tracer ses fabrications (matières, soudures, contrôles). Elle cherche déjà comment digitaliser ses processus mais n'a pas d'équipe logicielle : un apprenti ne suffira pas pour construire un outil.;Un outil métier sur mesure de suivi d'atelier et de traçabilité (dossiers de fabrication, contrôles, photos terrain sur tablette) avec un tableau de bord pour la direction, relié aux outils déjà en place.;Outil métier / digitalisation de processus (traçabilité de production, tableau de bord);Investissement de 3 M€ et réflexion engagée sur la digitalisation (2026);moyenne : investissement et réflexion en cours en 2026, qui précèdent l'entrée sur les marchés aéronautique et défense;70;17;15;13;7;7;11;QUALIFIÉ;https://www.lejournaldesentreprises.com/article/metal-performances-investit-3-millions-deuros-pour-muscler-son-outil-industriel-2143484 | https://www.bretagne-economique.com/actualites/metal-performances-investit-3me-dans-son-outil-industriel/ | https://www.lesinfosdupaysgallo.com/2026/05/04/beignon-metal-performances-fete-ses-20-ans-la-tete-dans-les-etoiles/ | https://www.pagesjaunes.fr/pros/06750305 | https://metalperformances.com/en/;2026-09-24;Métal Performances — digitalisation des processus et exigences aéro;"Bonjour Monsieur Fauchoux,

J'ai lu dans Le Journal des Entreprises que Métal Performances investit 3 M€ pour aller vers l'aéronautique et la défense, et que vous réfléchissez à la digitalisation de vos processus.

Sur ces marchés, les donneurs d'ordre demandent souvent une traçabilité complète : matières, soudures, contrôles. Quand ce suivi reste sur papier ou dans des tableurs, il prend vite beaucoup de temps.

Chez Capmedia, nous concevons des outils métiers sur mesure : suivi d'atelier sur tablette, dossiers de fabrication, tableau de bord pour la direction.

Seriez-vous d'accord pour un échange de 20 minutes afin de voir où en est votre réflexion ?

Nadir — Capmedia
Si ce n'est pas un sujet pour vous, répondez simplement ""stop"" et je ne vous recontacterai pas.";Bonjour, Nadir de Capmedia. Je vous appelle parce que j'ai vu que Métal Performances investit 3 millions d'euros pour aller vers l'aéronautique et réfléchit à la digitalisation de ses processus. Je voulais savoir qui s'occupe de ce sujet chez vous.;Je reviens vers vous sous un autre angle : un premier outil peut être très simple, par exemple la saisie des contrôles qualité sur tablette à l'atelier, puis évoluer avec vos certifications aéro.;Cette PME de 40 personnes a annoncé en 2026 qu'elle réfléchit à digitaliser ses processus pour entrer dans l'aéronautique, sans équipe logicielle pour le faire.;U03
T04-003;L'Atelier Artisan Crêpier (SLB Holding);821612199;Restauration crêperie premium en franchise;Neuilly-sur-Seine;92;Île-de-France;https://www.artisancrepier.com;contact@artisancrepier.com;01 56 39 92 41;https://www.artisancrepier.com/en/legal-notice/;https://www.artisancrepier.com/en/legal-notice/;Emeric Berthet;Représentant légal (SLB Holding);https://fr.linkedin.com/company/l-atelier-artisan-cr%C3%AApier;;2 000 € (SLB Holding);"20e restaurant ouvert en 2026 ; plus de 10 ouvertures annoncées en 2027 ; ambition affichée de 50 franchises d'ici 2027.";oui;inconnu;inconnu;Outiller l'accélération en franchise (20 restaurants, 10+ ouvertures en 2027) : pilotage multi-sites et relation client homogène.;"Le réseau vient d'ouvrir son 20e restaurant en France ; franchiseur depuis 2022, il annonce plus de 10 ouvertures en 2027 [presse, 2026] https://www.franchise-magazine.com/actu-des-franchises/breve-actu/ | Ambition d'ouvrir 50 nouvelles franchises d'ici 2027 [annuaire franchise, 2026-09-24] https://ac-franchise.com/annuaire/franchise-latelier-artisan-crepier | Article « une vision premium et accessible de la crêperie » (mars 2026) [presse, 2026-03] https://www.franchise-concepts.fr/secteurs/2026/03/latelier-artisan-crepier-une-vision-premium-et-accessible-de-la-creperie/";Un réseau encore majoritairement en propre qui bascule vers la franchise doit formaliser ses outils (procédures, reporting, pages restaurant) avant la vague d'ouvertures de 2027.;Intranet/back-office franchisés et site multi-restaurants avec pages locales et réservation ou commande en ligne.;Outil métier réseau + site multi-établissements;20e restaurant + 10 ouvertures annoncées pour 2027;moyenne — ouvertures planifiées pour 2027, outils à préparer en amont;70;16;14;16;6;8;10;QUALIFIÉ;https://www.artisancrepier.com/en/legal-notice/ | https://www.artisancrepier.com/contact/ | https://www.franchise-magazine.com/actu-des-franchises/breve-actu/ | https://ac-franchise.com/annuaire/franchise-latelier-artisan-crepier | https://lp.artisancrepier.com/;2026-09-24;L'Atelier Artisan Crêpier — préparer les ouvertures 2027;"Bonjour Monsieur Berthet,

J'ai lu que L'Atelier Artisan Crêpier a ouvert son 20e restaurant et annonce plus de 10 ouvertures en 2027.

Quand un réseau bascule vers la franchise, la transmission des procédures, le suivi des chiffres par restaurant et la cohérence des pages locales sur le site prennent vite beaucoup de temps à l'équipe siège.

Capmedia réalise des outils sur mesure pour réseaux : intranet franchisés, tableau de bord multi-restaurants, site multi-établissements.

Seriez-vous d'accord pour un échange de 20 minutes afin de voir ce qui serait utile avant 2027 ?

Nadir — Capmedia
Si ce n'est pas un sujet pour vous, répondez simplement ""stop"" et je ne vous recontacterai pas.";Bonjour, Nadir de Capmedia. Je vous appelle parce que j'ai vu que L'Atelier Artisan Crêpier a ouvert son 20e restaurant et prévoit plus de 10 ouvertures en 2027. Je voulais savoir qui s'occupe chez vous des outils du réseau franchisé et du site.;Autre angle : une page par restaurant avec réservation en ligne et avis clients aide chaque franchisé à démarrer plus vite localement — est-ce prévu dans votre kit d'ouverture ?;Le réseau prépare une vague de plus de 10 ouvertures en 2027 et c'est maintenant qu'il choisit ses outils.;T04
U04-002;Hypromat France (Eléphant Bleu);738504448;Réseau de centres de lavage automobile;Hoerdt;67;Grand Est;https://www.elephantbleu.fr/;france@hypromat.com;03 88 69 23 69;https://franchise.elephantbleu.com/cr%C3%A9dits-et-mentions-l%C3%A9gales.html;https://franchise.elephantbleu.com/cr%C3%A9dits-et-mentions-l%C3%A9gales.html;Franck Rapold;Directeur Web (responsable de la publication);;;;Paiement intégré et abonnement « L'Abonnement par Eléphant Bleu » ajoutés à l'app;oui;oui;oui;App de paiement du lavage notée 3,32/5, avec des bugs signalés sur l'ajout de carte bancaire et le lancement du lavage;"Note moyenne de l'app Eléphant Bleu en France : 3,32/5 sur 68 notes (éditeur HYPROMAT France) [agrégateur d'avis store, 2026-09-24] https://worldsapps.com/fr/reviews-el%C3%A9phant-bleu | Avis App Store : app jugée « très buggée », impossible d'ajouter une carte bancaire (message « les données n'ont pas pu être lues »), profil non enregistré [avis store, 2026-09-24] https://apps.apple.com/fr/app/el%C3%A9phant-bleu/id1455323669?see-all=reviews&platform=iphone | Notes de version : corrections d'un bug empêchant le lancement du cycle de lavage ; utilisateurs signalant des échecs de paiement et un historique de lavages manquant [avis store, 2026-09-24] https://apps.apple.com/fr/app/el%C3%A9phant-bleu/id1455323669 | Mentions légales : Hypromat France SAS, 15 rue du Travail 67720 Hoerdt, tél. 03 88 69 23 69, france@hypromat.com, RCS Strasbourg 738 504 448 [site officiel, 2026-09-24] https://franchise.elephantbleu.com/cr%C3%A9dits-et-mentions-l%C3%A9gales.html | Franck Rapold cité comme Directeur Web responsable de la publication [site officiel, 2026-09-24] https://www.elephantbleu.com/mentions-legales-labonnement/";L'app est le point de paiement des centres : chaque échec d'ajout de carte ou de lancement de lavage se traduit par une vente perdue ou un client mécontent sur site. Attention, l'agence Keyneo présente Hypromat comme client : un prestataire est peut-être déjà en place.;Audit QA mobile ciblé sur le parcours paiement (ajout de carte, lancement du cycle, historique) et proposition de renfort maintenance / tierce maintenance applicative.;QA mobile et maintenance d'application;App de paiement notée 3,32/5 avec bugs de paiement;moyenne : bugs sur le parcours de paiement, avis non datés dans les résumés;70;18;10;15;9;7;11;QUALIFIÉ;https://worldsapps.com/fr/reviews-el%C3%A9phant-bleu | https://apps.apple.com/fr/app/el%C3%A9phant-bleu/id1455323669?see-all=reviews&platform=iphone | https://apps.apple.com/fr/app/el%C3%A9phant-bleu/id1455323669 | https://franchise.elephantbleu.com/cr%C3%A9dits-et-mentions-l%C3%A9gales.html | https://www.elephantbleu.com/mentions-legales-labonnement/ | https://journalauto.com/services/elephant-bleu-boost-son-application-mobile/ | https://keyneo.com/clients/hypromat-cas-client/;2026-09-24;Eléphant Bleu — parcours de paiement dans l'app;"Bonjour Monsieur Rapold,

Sur l'App Store, plusieurs avis de l'app Eléphant Bleu signalent qu'il est impossible d'ajouter une carte bancaire (« les données n'ont pas pu être lues ») ou de lancer un lavage. La note moyenne relevée est de 3,32/5.

Comme l'app sert à payer directement en station, chaque blocage peut coûter un lavage.

Capmedia fait de la QA mobile et de la maintenance d'apps iOS/Android. Nous pouvons tester le parcours de paiement sur un panel d'appareils et vous remettre une liste de bugs reproductibles.

Seriez-vous ouvert à un court échange ?

Nadir — Capmedia
Si ce n'est pas un sujet pour vous, répondez simplement ""stop"" et je ne vous recontacterai pas.";Bonjour, Nadir de Capmedia. Je vous appelle parce que j'ai vu des avis sur l'app Eléphant Bleu qui signalent des échecs d'ajout de carte bancaire et de lancement de lavage, pour une note de 3,32/5. Je voulais savoir qui s'occupe de l'application chez vous.;Autre piste : un test de non-régression à chaque mise à jour de l'app, pour que les corrections de paiement ne cassent pas l'abonnement. Est-ce un sujet chez vous ?;Leur app encaisse les lavages et des avis signalent des paiements bloqués : c'est du chiffre perdu chaque jour.;U04
